producto_id;pais;titulo;categoria;vendedor_id
500001;Argentina;Sobre de Figuritas Juegos Olimpicos 2026 x5;albumes;700100
500002;Argentina;Mochila Oficial Juegos Olimpicos 2026;mochilas;700100
500003;Argentina;Camiseta Oficial Juegos Olimpicos 2026 Talle S;camisetas;700100
500004;Argentina;Botella Termica Oficial Juegos Olimpicos 2026;botellas;700100
500005;Argentina;Sobre de Figuritas Juegos Olimpicos 2026 x5;albumes;700100
500006;Argentina;Camiseta Oficial Juegos Olimpicos 2026 Talle 40;camisetas;700100
500007;Argentina;Album Oficial Juegos Olimpicos 2026 Tapa Dura;albumes;700100
500008;Argentina;Camiseta Oficial Juegos Olimpicos 2026 Talle XL;camisetas;700100
500009;Argentina;Mochila Oficial Juegos Olimpicos 2026;mochilas;700100
500010;Argentina;Album Oficial Juegos Olimpicos 2026 Tapa Dura;albumes;700100
500011;Argentina;Botella Termica Oficial Juegos Olimpicos 2026;botellas;700100
500012;Argentina;Camiseta Oficial Juegos Olimpicos 2026 Talle 44;camisetas;700100
500013;Argentina;Botella Termica Oficial Juegos Olimpicos 2026;botellas;700100
500014;Argentina;Album Oficial Juegos Olimpicos 2026 Tapa Dura;albumes;700100
500015;Brasil;Botella Termica Oficial Juegos Olimpicos 2026;botellas;700200
500016;Brasil;Botella Termica Oficial Juegos Olimpicos 2026;botellas;700200
500017;Brasil;Mochila Oficial Juegos Olimpicos 2026;mochilas;700200
500018;Brasil;Album Oficial Juegos Olimpicos 2026 Tapa Dura;albumes;700200
500019;Brasil;Botella Termica Oficial Juegos Olimpicos 2026;botellas;700200
500020;Brasil;Album Oficial Juegos Olimpicos 2026 Tapa Dura;albumes;700200
500021;Brasil;Mochila Oficial Juegos Olimpicos 2026;mochilas;700200
500022;Brasil;Botella Termica Oficial Juegos Olimpicos 2026;botellas;700200
500023;Brasil;Botella Termica Oficial Juegos Olimpicos 2026;botellas;700200
500024;Brasil;Botella Termica Oficial Juegos Olimpicos 2026;botellas;700200
500025;Brasil;Album Oficial Juegos Olimpicos 2026 Tapa Dura;albumes;700200
500026;Brasil;Botella Termica Oficial Juegos Olimpicos 2026;botellas;700200
500027;Brasil;Album Oficial Juegos Olimpicos 2026 Tapa Dura;albumes;700200
500028;Brasil;Camiseta Oficial Juegos Olimpicos 2026 Talle 40;camisetas;700200
500029;Mexico;Camiseta Oficial Juegos Olimpicos 2026 Talle 40;camisetas;700300
500030;Mexico;Camiseta Oficial Juegos Olimpicos 2026 Talle 40;camisetas;700300
500031;Mexico;Album Oficial Juegos Olimpicos 2026 Tapa Dura;albumes;700300
500032;Mexico;Botella Termica Oficial Juegos Olimpicos 2026;botellas;700300
500033;Mexico;Sobre de Figuritas Juegos Olimpicos 2026 x5;albumes;700300
500034;Mexico;Botella Termica Oficial Juegos Olimpicos 2026;botellas;700300
500035;Mexico;Sobre de Figuritas Juegos Olimpicos 2026 x5;albumes;700300
500036;Mexico;Album Oficial Juegos Olimpicos 2026 Tapa Dura;albumes;700300
500037;Mexico;Album Oficial Juegos Olimpicos 2026 Tapa Dura;albumes;700300
500038;Mexico;Album Oficial Juegos Olimpicos 2026 Tapa Dura;albumes;700300
500039;Mexico;Botella Termica Oficial Juegos Olimpicos 2026;botellas;700300
500040;Mexico;Botella Termica Oficial Juegos Olimpicos 2026;botellas;700300
500041;Mexico;Sobre de Figuritas Juegos Olimpicos 2026 x5;albumes;700300
500042;Mexico;Mochila Oficial Juegos Olimpicos 2026;mochilas;700300
500043;Chile;Botella Termica Oficial Juegos Olimpicos 2026;botellas;700400
500044;Chile;Camiseta Oficial Juegos Olimpicos 2026 Talle 40;camisetas;700400
500045;Chile;Mochila Oficial Juegos Olimpicos 2026;mochilas;700400
500046;Chile;Sobre de Figuritas Juegos Olimpicos 2026 x5;albumes;700400
500047;Chile;Mochila Oficial Juegos Olimpicos 2026;mochilas;700400
500048;Chile;Camiseta Oficial Juegos Olimpicos 2026 Talle 42;camisetas;700400
500049;Chile;Camiseta Oficial Juegos Olimpicos 2026 Talle 44;camisetas;700400
500050;Chile;Botella Termica Oficial Juegos Olimpicos 2026;botellas;700400
500051;Chile;Sobre de Figuritas Juegos Olimpicos 2026 x5;albumes;700400
500052;Chile;Sobre de Figuritas Juegos Olimpicos 2026 x5;albumes;700400
500053;Chile;Mochila Oficial Juegos Olimpicos 2026;mochilas;700400
500054;Chile;Mochila Oficial Juegos Olimpicos 2026;mochilas;700400
500055;Chile;Camiseta Oficial Juegos Olimpicos 2026 Talle L;camisetas;700400
500056;Chile;Mochila Oficial Juegos Olimpicos 2026;mochilas;700400
500057;Colombia;Camiseta Oficial Juegos Olimpicos 2026 Talle S;camisetas;700500
500058;Colombia;Sobre de Figuritas Juegos Olimpicos 2026 x5;albumes;700500
500059;Colombia;Botella Termica Oficial Juegos Olimpicos 2026;botellas;700500
500060;Colombia;Mochila Oficial Juegos Olimpicos 2026;mochilas;700500
500061;Colombia;Mochila Oficial Juegos Olimpicos 2026;mochilas;700500
500062;Colombia;Sobre de Figuritas Juegos Olimpicos 2026 x5;albumes;700500
500063;Colombia;Mochila Oficial Juegos Olimpicos 2026;mochilas;700500
500064;Colombia;Album Oficial Juegos Olimpicos 2026 Tapa Dura;albumes;700500
500065;Colombia;Camiseta Oficial Juegos Olimpicos 2026 Talle XL;camisetas;700500
500066;Colombia;Camiseta Oficial Juegos Olimpicos 2026 Talle M;camisetas;700500
500067;Colombia;Sobre de Figuritas Juegos Olimpicos 2026 x5;albumes;700500
500068;Colombia;Album Oficial Juegos Olimpicos 2026 Tapa Dura;albumes;700500
500069;Colombia;Mochila Oficial Juegos Olimpicos 2026;mochilas;700500
500070;Colombia;Mochila Oficial Juegos Olimpicos 2026;mochilas;700500
500071;Argentina;Album Juegos Olimpicos 2026 + 20 Sobres;albumes;852644
500072;Argentina;Libro Guia Juegos Olimpicos 2026 Ilustrado;libros;817947
500073;Argentina;Poster Juegos Olimpicos 2026 Enmarcado;libros;872118
500074;Argentina;Figuritas Olimpiadas 2026 Pack x10;albumes;854433
500075;Argentina;Figuritas Olimpiadas 2026 Pack x10;albumes;849865
500076;Argentina;Album Juegos Olimpicos 2026 + 20 Sobres;albumes;810876
500077;Argentina;Album Juegos Olimpicos 2026 + 20 Sobres;albumes;830403
500078;Argentina;Remera Olimpiadas 2026 Algodon;camisetas;801581
500079;Argentina;Cartas Coleccionables Olimpiadas 2026;cartas;877217
500080;Argentina;Album Juegos Olimpicos 2026 + 20 Sobres;albumes;836953
500081;Argentina;Camiseta Juegos Olimpicos 2026 Seleccion Nacional;camisetas;854912
500082;Argentina;Libro Guia Juegos Olimpicos 2026 Ilustrado;libros;879929
500083;Argentina;Libro Guia Juegos Olimpicos 2026 Ilustrado;libros;816448
500084;Argentina;Remera Olimpiadas 2026 Algodon;camisetas;867566
500085;Argentina;Libro Guia Juegos Olimpicos 2026 Ilustrado;libros;888630
500086;Argentina;Remera Olimpiadas 2026 Algodon;camisetas;859853
500087;Argentina;Poster Juegos Olimpicos 2026 Enmarcado;libros;889204
500088;Argentina;Poster Juegos Olimpicos 2026 Enmarcado;libros;851429
500089;Argentina;Cartas Coleccionables Olimpiadas 2026;cartas;851658
500090;Argentina;Camiseta Juegos Olimpicos 2026 Seleccion Nacional;camisetas;883137
500091;Argentina;Cartas Coleccionables Olimpiadas 2026;cartas;824983
500092;Argentina;Camiseta Juegos Olimpicos 2026 Seleccion Nacional;camisetas;857753
500093;Argentina;Album Juegos Olimpicos 2026 + 20 Sobres;albumes;844571
500094;Argentina;Libro Guia Juegos Olimpicos 2026 Ilustrado;libros;813419
500095;Argentina;Camiseta Juegos Olimpicos 2026 Seleccion Nacional;camisetas;819826
500096;Argentina;Libro Guia Juegos Olimpicos 2026 Ilustrado;libros;847659
500097;Argentina;Libro Guia Juegos Olimpicos 2026 Ilustrado;libros;809216
500098;Argentina;Poster Juegos Olimpicos 2026 Enmarcado;libros;880487
500099;Argentina;Cartas Coleccionables Olimpiadas 2026;cartas;883153
500100;Argentina;Figuritas Olimpiadas 2026 Pack x10;albumes;878941
500101;Brasil;Figuritas Olimpiadas 2026 Pack x10;albumes;816101
500102;Brasil;Camiseta Juegos Olimpicos 2026 Seleccion Nacional;camisetas;863972
500103;Brasil;Cartas Coleccionables Olimpiadas 2026;cartas;863417
500104;Brasil;Figuritas Olimpiadas 2026 Pack x10;albumes;818889
500105;Brasil;Camiseta Juegos Olimpicos 2026 Seleccion Nacional;camisetas;844909
500106;Brasil;Remera Olimpiadas 2026 Algodon;camisetas;862733
500107;Brasil;Poster Juegos Olimpicos 2026 Enmarcado;libros;821160
500108;Brasil;Libro Guia Juegos Olimpicos 2026 Ilustrado;libros;826897
500109;Brasil;Libro Guia Juegos Olimpicos 2026 Ilustrado;libros;819215
500110;Brasil;Remera Olimpiadas 2026 Algodon;camisetas;803544
500111;Brasil;Poster Juegos Olimpicos 2026 Enmarcado;libros;839071
500112;Brasil;Remera Olimpiadas 2026 Algodon;camisetas;811928
500113;Brasil;Remera Olimpiadas 2026 Algodon;camisetas;834224
500114;Brasil;Libro Guia Juegos Olimpicos 2026 Ilustrado;libros;821894
500115;Brasil;Figuritas Olimpiadas 2026 Pack x10;albumes;829201
500116;Brasil;Libro Guia Juegos Olimpicos 2026 Ilustrado;libros;865889
500117;Brasil;Figuritas Olimpiadas 2026 Pack x10;albumes;829234
500118;Brasil;Libro Guia Juegos Olimpicos 2026 Ilustrado;libros;899394
500119;Brasil;Poster Juegos Olimpicos 2026 Enmarcado;libros;831377
500120;Brasil;Poster Juegos Olimpicos 2026 Enmarcado;libros;896976
500121;Brasil;Poster Juegos Olimpicos 2026 Enmarcado;libros;826203
500122;Brasil;Libro Guia Juegos Olimpicos 2026 Ilustrado;libros;846604
500123;Brasil;Remera Olimpiadas 2026 Algodon;camisetas;803661
500124;Brasil;Poster Juegos Olimpicos 2026 Enmarcado;libros;861897
500125;Brasil;Figuritas Olimpiadas 2026 Pack x10;albumes;890770
500126;Brasil;Libro Guia Juegos Olimpicos 2026 Ilustrado;libros;858619
500127;Brasil;Poster Juegos Olimpicos 2026 Enmarcado;libros;845812
500128;Brasil;Figuritas Olimpiadas 2026 Pack x10;albumes;828896
500129;Brasil;Camiseta Juegos Olimpicos 2026 Seleccion Nacional;camisetas;861614
500130;Brasil;Album Juegos Olimpicos 2026 + 20 Sobres;albumes;826787
500131;Mexico;Cartas Coleccionables Olimpiadas 2026;cartas;879988
500132;Mexico;Poster Juegos Olimpicos 2026 Enmarcado;libros;862845
500133;Mexico;Remera Olimpiadas 2026 Algodon;camisetas;884296
500134;Mexico;Camiseta Juegos Olimpicos 2026 Seleccion Nacional;camisetas;886584
500135;Mexico;Camiseta Juegos Olimpicos 2026 Seleccion Nacional;camisetas;893256
500136;Mexico;Poster Juegos Olimpicos 2026 Enmarcado;libros;862656
500137;Mexico;Album Juegos Olimpicos 2026 + 20 Sobres;albumes;883341
500138;Mexico;Figuritas Olimpiadas 2026 Pack x10;albumes;894611
500139;Mexico;Cartas Coleccionables Olimpiadas 2026;cartas;852610
500140;Mexico;Remera Olimpiadas 2026 Algodon;camisetas;895000
500141;Mexico;Album Juegos Olimpicos 2026 + 20 Sobres;albumes;816651
500142;Mexico;Camiseta Juegos Olimpicos 2026 Seleccion Nacional;camisetas;877438
500143;Mexico;Cartas Coleccionables Olimpiadas 2026;cartas;885964
500144;Mexico;Album Juegos Olimpicos 2026 + 20 Sobres;albumes;878101
500145;Mexico;Cartas Coleccionables Olimpiadas 2026;cartas;845928
500146;Mexico;Album Juegos Olimpicos 2026 + 20 Sobres;albumes;871864
500147;Mexico;Album Juegos Olimpicos 2026 + 20 Sobres;albumes;801866
500148;Mexico;Poster Juegos Olimpicos 2026 Enmarcado;libros;885154
500149;Mexico;Camiseta Juegos Olimpicos 2026 Seleccion Nacional;camisetas;898237
500150;Mexico;Album Juegos Olimpicos 2026 + 20 Sobres;albumes;825533
500151;Mexico;Poster Juegos Olimpicos 2026 Enmarcado;libros;827661
500152;Mexico;Camiseta Juegos Olimpicos 2026 Seleccion Nacional;camisetas;827889
500153;Mexico;Figuritas Olimpiadas 2026 Pack x10;albumes;831527
500154;Mexico;Poster Juegos Olimpicos 2026 Enmarcado;libros;842728
500155;Mexico;Figuritas Olimpiadas 2026 Pack x10;albumes;854920
500156;Mexico;Poster Juegos Olimpicos 2026 Enmarcado;libros;807982
500157;Mexico;Remera Olimpiadas 2026 Algodon;camisetas;860052
500158;Mexico;Remera Olimpiadas 2026 Algodon;camisetas;867732
500159;Mexico;Cartas Coleccionables Olimpiadas 2026;cartas;865752
500160;Mexico;Album Juegos Olimpicos 2026 + 20 Sobres;albumes;819901
500161;Chile;Libro Guia Juegos Olimpicos 2026 Ilustrado;libros;802451
500162;Chile;Poster Juegos Olimpicos 2026 Enmarcado;libros;824000
500163;Chile;Libro Guia Juegos Olimpicos 2026 Ilustrado;libros;819634
500164;Chile;Album Juegos Olimpicos 2026 + 20 Sobres;albumes;862061
500165;Chile;Libro Guia Juegos Olimpicos 2026 Ilustrado;libros;815772
500166;Chile;Libro Guia Juegos Olimpicos 2026 Ilustrado;libros;842727
500167;Chile;Remera Olimpiadas 2026 Algodon;camisetas;869563
500168;Chile;Libro Guia Juegos Olimpicos 2026 Ilustrado;libros;813907
500169;Chile;Libro Guia Juegos Olimpicos 2026 Ilustrado;libros;832570
500170;Chile;Album Juegos Olimpicos 2026 + 20 Sobres;albumes;805531
500171;Chile;Poster Juegos Olimpicos 2026 Enmarcado;libros;866547
500172;Chile;Cartas Coleccionables Olimpiadas 2026;cartas;803652
500173;Chile;Poster Juegos Olimpicos 2026 Enmarcado;libros;858097
500174;Chile;Figuritas Olimpiadas 2026 Pack x10;albumes;866263
500175;Chile;Libro Guia Juegos Olimpicos 2026 Ilustrado;libros;826136
500176;Chile;Remera Olimpiadas 2026 Algodon;camisetas;859289
500177;Chile;Libro Guia Juegos Olimpicos 2026 Ilustrado;libros;862657
500178;Chile;Libro Guia Juegos Olimpicos 2026 Ilustrado;libros;891647
500179;Chile;Libro Guia Juegos Olimpicos 2026 Ilustrado;libros;873336
500180;Chile;Album Juegos Olimpicos 2026 + 20 Sobres;albumes;858658
500181;Chile;Album Juegos Olimpicos 2026 + 20 Sobres;albumes;815941
500182;Chile;Cartas Coleccionables Olimpiadas 2026;cartas;841416
500183;Chile;Camiseta Juegos Olimpicos 2026 Seleccion Nacional;camisetas;831541
500184;Chile;Cartas Coleccionables Olimpiadas 2026;cartas;827877
500185;Chile;Remera Olimpiadas 2026 Algodon;camisetas;816036
500186;Chile;Poster Juegos Olimpicos 2026 Enmarcado;libros;893863
500187;Chile;Remera Olimpiadas 2026 Algodon;camisetas;847996
500188;Chile;Album Juegos Olimpicos 2026 + 20 Sobres;albumes;817990
500189;Chile;Cartas Coleccionables Olimpiadas 2026;cartas;897869
500190;Chile;Camiseta Juegos Olimpicos 2026 Seleccion Nacional;camisetas;863866
500191;Colombia;Album Juegos Olimpicos 2026 + 20 Sobres;albumes;829322
500192;Colombia;Album Juegos Olimpicos 2026 + 20 Sobres;albumes;856560
500193;Colombia;Libro Guia Juegos Olimpicos 2026 Ilustrado;libros;844448
500194;Colombia;Cartas Coleccionables Olimpiadas 2026;cartas;846742
500195;Colombia;Figuritas Olimpiadas 2026 Pack x10;albumes;894653
500196;Colombia;Figuritas Olimpiadas 2026 Pack x10;albumes;844299
500197;Colombia;Libro Guia Juegos Olimpicos 2026 Ilustrado;libros;857731
500198;Colombia;Remera Olimpiadas 2026 Algodon;camisetas;850376
500199;Colombia;Figuritas Olimpiadas 2026 Pack x10;albumes;881779
500200;Colombia;Figuritas Olimpiadas 2026 Pack x10;albumes;808426
500201;Colombia;Camiseta Juegos Olimpicos 2026 Seleccion Nacional;camisetas;829957
500202;Colombia;Camiseta Juegos Olimpicos 2026 Seleccion Nacional;camisetas;834808
500203;Colombia;Figuritas Olimpiadas 2026 Pack x10;albumes;823796
500204;Colombia;Figuritas Olimpiadas 2026 Pack x10;albumes;816981
500205;Colombia;Poster Juegos Olimpicos 2026 Enmarcado;libros;888601
500206;Colombia;Poster Juegos Olimpicos 2026 Enmarcado;libros;853208
500207;Colombia;Album Juegos Olimpicos 2026 + 20 Sobres;albumes;867473
500208;Colombia;Libro Guia Juegos Olimpicos 2026 Ilustrado;libros;891805
500209;Colombia;Figuritas Olimpiadas 2026 Pack x10;albumes;836577
500210;Colombia;Camiseta Juegos Olimpicos 2026 Seleccion Nacional;camisetas;890204
500211;Colombia;Album Juegos Olimpicos 2026 + 20 Sobres;albumes;809491
500212;Colombia;Figuritas Olimpiadas 2026 Pack x10;albumes;883157
500213;Colombia;Camiseta Juegos Olimpicos 2026 Seleccion Nacional;camisetas;834151
500214;Colombia;Camiseta Juegos Olimpicos 2026 Seleccion Nacional;camisetas;829151
500215;Colombia;Camiseta Juegos Olimpicos 2026 Seleccion Nacional;camisetas;815948
500216;Colombia;Cartas Coleccionables Olimpiadas 2026;cartas;844453
500217;Colombia;Libro Guia Juegos Olimpicos 2026 Ilustrado;libros;835108
500218;Colombia;Libro Guia Juegos Olimpicos 2026 Ilustrado;libros;805663
500219;Colombia;Libro Guia Juegos Olimpicos 2026 Ilustrado;libros;831252
500220;Colombia;Camiseta Juegos Olimpicos 2026 Seleccion Nacional;camisetas;834327
500221;Argentina;Album Juegos Olimpicos 1992 Barcelona Original;albumes;826446
500222;Argentina;Camiseta Comite Olimpico Argentino 2016 Vintage;camisetas;839977
500223;Argentina;Mochila Escolar Modelo Olimpico Azul;mochilas;826983
500224;Argentina;Camiseta Comite Olimpico Argentino 2016 Vintage;camisetas;865547
500225;Argentina;Libro Historia de los Juegos Olimpicos Antiguos;libros;845482
500226;Argentina;Album Juegos Olimpicos 1992 Barcelona Original;albumes;804843
500227;Argentina;Album Juegos Olimpicos 1992 Barcelona Original;albumes;896086
500228;Argentina;Mochila Escolar Modelo Olimpico Azul;mochilas;824832
500229;Argentina;Mochila Escolar Modelo Olimpico Azul;mochilas;832201
500230;Argentina;Pelicula Olimpiadas de Berlin 1936 DVD;libros;886287
500231;Argentina;Pelicula Olimpiadas de Berlin 1936 DVD;libros;864880
500232;Argentina;Mochila Escolar Modelo Olimpico Azul;mochilas;851522
500233;Argentina;Mochila Escolar Modelo Olimpico Azul;mochilas;890143
500234;Argentina;Libro Historia de los Juegos Olimpicos Antiguos;libros;844918
500235;Argentina;Libro Historia de los Juegos Olimpicos Antiguos;libros;892631
500236;Argentina;Libro Historia de los Juegos Olimpicos Antiguos;libros;845554
500237;Argentina;Album Juegos Olimpicos 1992 Barcelona Original;albumes;817015
500238;Argentina;Album Juegos Olimpicos 1992 Barcelona Original;albumes;881978
500239;Argentina;Camiseta Comite Olimpico Argentino 2016 Vintage;camisetas;821397
500240;Argentina;Album Juegos Olimpicos 1992 Barcelona Original;albumes;887192
500241;Argentina;Pelicula Olimpiadas de Berlin 1936 DVD;libros;866314
500242;Argentina;Camiseta Comite Olimpico Argentino 2016 Vintage;camisetas;831747
500243;Argentina;Camiseta Comite Olimpico Argentino 2016 Vintage;camisetas;860221
500244;Argentina;Libro Historia de los Juegos Olimpicos Antiguos;libros;835263
500245;Argentina;Pelicula Olimpiadas de Berlin 1936 DVD;libros;834503
500246;Argentina;Camiseta Comite Olimpico Argentino 2016 Vintage;camisetas;871706
500247;Brasil;Camiseta Comite Olimpico Argentino 2016 Vintage;camisetas;804515
500248;Brasil;Camiseta Comite Olimpico Argentino 2016 Vintage;camisetas;846738
500249;Brasil;Libro Historia de los Juegos Olimpicos Antiguos;libros;843952
500250;Brasil;Pelicula Olimpiadas de Berlin 1936 DVD;libros;862212
500251;Brasil;Camiseta Comite Olimpico Argentino 2016 Vintage;camisetas;885985
500252;Brasil;Libro Historia de los Juegos Olimpicos Antiguos;libros;866156
500253;Brasil;Album Juegos Olimpicos 1992 Barcelona Original;albumes;834625
500254;Brasil;Album Juegos Olimpicos 1992 Barcelona Original;albumes;852364
500255;Brasil;Mochila Escolar Modelo Olimpico Azul;mochilas;851639
500256;Brasil;Album Juegos Olimpicos 1992 Barcelona Original;albumes;839877
500257;Brasil;Libro Historia de los Juegos Olimpicos Antiguos;libros;876753
500258;Brasil;Mochila Escolar Modelo Olimpico Azul;mochilas;898374
500259;Brasil;Libro Historia de los Juegos Olimpicos Antiguos;libros;893846
500260;Brasil;Mochila Escolar Modelo Olimpico Azul;mochilas;842747
500261;Brasil;Pelicula Olimpiadas de Berlin 1936 DVD;libros;837247
500262;Brasil;Mochila Escolar Modelo Olimpico Azul;mochilas;818972
500263;Brasil;Album Juegos Olimpicos 1992 Barcelona Original;albumes;893717
500264;Brasil;Mochila Escolar Modelo Olimpico Azul;mochilas;856261
500265;Brasil;Mochila Escolar Modelo Olimpico Azul;mochilas;868649
500266;Brasil;Mochila Escolar Modelo Olimpico Azul;mochilas;802107
500267;Brasil;Mochila Escolar Modelo Olimpico Azul;mochilas;893216
500268;Brasil;Libro Historia de los Juegos Olimpicos Antiguos;libros;804084
500269;Brasil;Album Juegos Olimpicos 1992 Barcelona Original;albumes;883508
500270;Brasil;Camiseta Comite Olimpico Argentino 2016 Vintage;camisetas;849364
500271;Brasil;Pelicula Olimpiadas de Berlin 1936 DVD;libros;806655
500272;Brasil;Album Juegos Olimpicos 1992 Barcelona Original;albumes;869657
500273;Mexico;Libro Historia de los Juegos Olimpicos Antiguos;libros;834575
500274;Mexico;Album Juegos Olimpicos 1992 Barcelona Original;albumes;809189
500275;Mexico;Mochila Escolar Modelo Olimpico Azul;mochilas;812051
500276;Mexico;Mochila Escolar Modelo Olimpico Azul;mochilas;897744
500277;Mexico;Pelicula Olimpiadas de Berlin 1936 DVD;libros;809758
500278;Mexico;Camiseta Comite Olimpico Argentino 2016 Vintage;camisetas;895595
500279;Mexico;Libro Historia de los Juegos Olimpicos Antiguos;libros;896970
500280;Mexico;Pelicula Olimpiadas de Berlin 1936 DVD;libros;850142
500281;Mexico;Album Juegos Olimpicos 1992 Barcelona Original;albumes;889613
500282;Mexico;Camiseta Comite Olimpico Argentino 2016 Vintage;camisetas;806127
500283;Mexico;Mochila Escolar Modelo Olimpico Azul;mochilas;884248
500284;Mexico;Libro Historia de los Juegos Olimpicos Antiguos;libros;878604
500285;Mexico;Libro Historia de los Juegos Olimpicos Antiguos;libros;833284
500286;Mexico;Camiseta Comite Olimpico Argentino 2016 Vintage;camisetas;874417
500287;Mexico;Libro Historia de los Juegos Olimpicos Antiguos;libros;863231
500288;Mexico;Album Juegos Olimpicos 1992 Barcelona Original;albumes;835228
500289;Mexico;Album Juegos Olimpicos 1992 Barcelona Original;albumes;828533
500290;Mexico;Pelicula Olimpiadas de Berlin 1936 DVD;libros;892913
500291;Mexico;Mochila Escolar Modelo Olimpico Azul;mochilas;860904
500292;Mexico;Pelicula Olimpiadas de Berlin 1936 DVD;libros;815532
500293;Mexico;Mochila Escolar Modelo Olimpico Azul;mochilas;840851
500294;Mexico;Album Juegos Olimpicos 1992 Barcelona Original;albumes;802294
500295;Mexico;Camiseta Comite Olimpico Argentino 2016 Vintage;camisetas;810022
500296;Mexico;Mochila Escolar Modelo Olimpico Azul;mochilas;835213
500297;Mexico;Pelicula Olimpiadas de Berlin 1936 DVD;libros;827618
500298;Mexico;Album Juegos Olimpicos 1992 Barcelona Original;albumes;811836
500299;Chile;Libro Historia de los Juegos Olimpicos Antiguos;libros;868690
500300;Chile;Camiseta Comite Olimpico Argentino 2016 Vintage;camisetas;817380
500301;Chile;Mochila Escolar Modelo Olimpico Azul;mochilas;882794
500302;Chile;Mochila Escolar Modelo Olimpico Azul;mochilas;814768
500303;Chile;Camiseta Comite Olimpico Argentino 2016 Vintage;camisetas;865259
500304;Chile;Pelicula Olimpiadas de Berlin 1936 DVD;libros;803255
500305;Chile;Libro Historia de los Juegos Olimpicos Antiguos;libros;864447
500306;Chile;Pelicula Olimpiadas de Berlin 1936 DVD;libros;839577
500307;Chile;Libro Historia de los Juegos Olimpicos Antiguos;libros;845083
500308;Chile;Pelicula Olimpiadas de Berlin 1936 DVD;libros;815847
500309;Chile;Camiseta Comite Olimpico Argentino 2016 Vintage;camisetas;842539
500310;Chile;Camiseta Comite Olimpico Argentino 2016 Vintage;camisetas;852200
500311;Chile;Album Juegos Olimpicos 1992 Barcelona Original;albumes;893457
500312;Chile;Album Juegos Olimpicos 1992 Barcelona Original;albumes;837988
500313;Chile;Camiseta Comite Olimpico Argentino 2016 Vintage;camisetas;808516
500314;Chile;Pelicula Olimpiadas de Berlin 1936 DVD;libros;877224
500315;Chile;Album Juegos Olimpicos 1992 Barcelona Original;albumes;856105
500316;Chile;Camiseta Comite Olimpico Argentino 2016 Vintage;camisetas;806326
500317;Chile;Camiseta Comite Olimpico Argentino 2016 Vintage;camisetas;806765
500318;Chile;Camiseta Comite Olimpico Argentino 2016 Vintage;camisetas;819518
500319;Chile;Libro Historia de los Juegos Olimpicos Antiguos;libros;857178
500320;Chile;Mochila Escolar Modelo Olimpico Azul;mochilas;824883
500321;Chile;Camiseta Comite Olimpico Argentino 2016 Vintage;camisetas;856065
500322;Chile;Album Juegos Olimpicos 1992 Barcelona Original;albumes;899831
500323;Chile;Pelicula Olimpiadas de Berlin 1936 DVD;libros;871988
500324;Chile;Libro Historia de los Juegos Olimpicos Antiguos;libros;810561
500325;Colombia;Album Juegos Olimpicos 1992 Barcelona Original;albumes;853855
500326;Colombia;Pelicula Olimpiadas de Berlin 1936 DVD;libros;898653
500327;Colombia;Libro Historia de los Juegos Olimpicos Antiguos;libros;837513
500328;Colombia;Pelicula Olimpiadas de Berlin 1936 DVD;libros;872103
500329;Colombia;Libro Historia de los Juegos Olimpicos Antiguos;libros;861890
500330;Colombia;Pelicula Olimpiadas de Berlin 1936 DVD;libros;836929
500331;Colombia;Camiseta Comite Olimpico Argentino 2016 Vintage;camisetas;896866
500332;Colombia;Camiseta Comite Olimpico Argentino 2016 Vintage;camisetas;885982
500333;Colombia;Libro Historia de los Juegos Olimpicos Antiguos;libros;863331
500334;Colombia;Mochila Escolar Modelo Olimpico Azul;mochilas;851690
500335;Colombia;Album Juegos Olimpicos 1992 Barcelona Original;albumes;884306
500336;Colombia;Libro Historia de los Juegos Olimpicos Antiguos;libros;827246
500337;Colombia;Mochila Escolar Modelo Olimpico Azul;mochilas;865152
500338;Colombia;Mochila Escolar Modelo Olimpico Azul;mochilas;859373
500339;Colombia;Camiseta Comite Olimpico Argentino 2016 Vintage;camisetas;858977
500340;Colombia;Pelicula Olimpiadas de Berlin 1936 DVD;libros;871799
500341;Colombia;Libro Historia de los Juegos Olimpicos Antiguos;libros;811890
500342;Colombia;Libro Historia de los Juegos Olimpicos Antiguos;libros;872859
500343;Colombia;Album Juegos Olimpicos 1992 Barcelona Original;albumes;831342
500344;Colombia;Camiseta Comite Olimpico Argentino 2016 Vintage;camisetas;874660
500345;Colombia;Libro Historia de los Juegos Olimpicos Antiguos;libros;898259
500346;Colombia;Pelicula Olimpiadas de Berlin 1936 DVD;libros;854248
500347;Colombia;Mochila Escolar Modelo Olimpico Azul;mochilas;849396
500348;Colombia;Camiseta Comite Olimpico Argentino 2016 Vintage;camisetas;898580
500349;Colombia;Album Juegos Olimpicos 1992 Barcelona Original;albumes;836374
500350;Colombia;Mochila Escolar Modelo Olimpico Azul;mochilas;816498
500351;Argentina;Libro Novela Policial Best Seller;libros;882526
500352;Argentina;Libro de Cocina Recetas Faciles;libros;835523
500353;Argentina;Libro de Cocina Recetas Faciles;libros;852396
500354;Argentina;Mochila Notebook 15 Pulgadas;mochilas;840896
500355;Argentina;Camiseta Deportiva Lisa Talle M;camisetas;804226
500356;Argentina;Botella Deportiva 750ml;botellas;862032
500357;Argentina;Smart TV 65 Pulgadas QLED;televisores;800023
500358;Argentina;Album de Fotos Familiar 200 Fotos;albumes;869187
500359;Argentina;Mochila Notebook 15 Pulgadas;mochilas;832566
500360;Argentina;Album de Fotos Familiar 200 Fotos;albumes;820234
500361;Argentina;Cartas Espanolas Naipes 50 Unidades;cartas;889400
500362;Argentina;Album de Fotos Familiar 200 Fotos;albumes;894599
500363;Argentina;Mochila Notebook 15 Pulgadas;mochilas;872286
500364;Argentina;Camiseta Deportiva Lisa Talle S;camisetas;816469
500365;Argentina;Libro de Cocina Recetas Faciles;libros;804927
500366;Argentina;Smart TV 50 Pulgadas 4K;televisores;882113
500367;Argentina;Smart TV 50 Pulgadas 4K;televisores;883399
500368;Argentina;Botella Deportiva 750ml;botellas;814697
500369;Argentina;Album de Fotos Familiar 200 Fotos;albumes;839367
500370;Argentina;Libro Novela Policial Best Seller;libros;825126
500371;Argentina;Botella Deportiva 750ml;botellas;829305
500372;Argentina;Smart TV 65 Pulgadas QLED;televisores;801371
500373;Argentina;Libro Novela Policial Best Seller;libros;860383
500374;Argentina;Smart TV 50 Pulgadas 4K;televisores;884485
500375;Argentina;Libro de Cocina Recetas Faciles;libros;868980
500376;Argentina;Libro de Cocina Recetas Faciles;libros;832382
500377;Argentina;Camiseta Deportiva Lisa Talle XL;camisetas;892360
500378;Argentina;Smart TV 50 Pulgadas 4K;televisores;802855
500379;Argentina;Libro de Cocina Recetas Faciles;libros;888403
500380;Argentina;Botella Deportiva 750ml;botellas;833719
500381;Argentina;Libro de Cocina Recetas Faciles;libros;855616
500382;Argentina;Zapatillas Running Hombre Talle M;calzado;864611
500383;Argentina;Camiseta Deportiva Lisa Talle 42;camisetas;844309
500384;Argentina;Botella Deportiva 750ml;botellas;889465
500385;Argentina;Botella Deportiva 750ml;botellas;800885
500386;Argentina;Smart TV 50 Pulgadas 4K;televisores;866175
500387;Argentina;Album de Fotos Familiar 200 Fotos;albumes;864971
500388;Argentina;Libro de Cocina Recetas Faciles;libros;825419
500389;Argentina;Libro de Cocina Recetas Faciles;libros;829024
500390;Argentina;Smart TV 50 Pulgadas 4K;televisores;838657
500391;Argentina;Album de Fotos Familiar 200 Fotos;albumes;864980
500392;Argentina;Smart TV 65 Pulgadas QLED;televisores;829271
500393;Argentina;Mochila Notebook 15 Pulgadas;mochilas;887201
500394;Argentina;Camiseta Deportiva Lisa Talle 40;camisetas;819186
500395;Argentina;Botella Deportiva 750ml;botellas;827911
500396;Argentina;Camiseta Deportiva Lisa Talle 40;camisetas;818600
500397;Argentina;Botella Deportiva 750ml;botellas;893042
500398;Argentina;Camiseta Deportiva Lisa Talle M;camisetas;851553
500399;Argentina;Mochila Notebook 15 Pulgadas;mochilas;841182
500400;Argentina;Album de Fotos Familiar 200 Fotos;albumes;821709
500401;Argentina;Zapatillas Running Hombre Talle M;calzado;824315
500402;Argentina;Libro Novela Policial Best Seller;libros;861291
500403;Argentina;Camiseta Deportiva Lisa Talle L;camisetas;887088
500404;Argentina;Botella Deportiva 750ml;botellas;849005
500405;Argentina;Zapatillas Running Hombre Talle XL;calzado;822185
500406;Argentina;Album de Fotos Familiar 200 Fotos;albumes;810255
500407;Argentina;Smart TV 50 Pulgadas 4K;televisores;846067
500408;Argentina;Botella Deportiva 750ml;botellas;873548
500409;Argentina;Libro de Cocina Recetas Faciles;libros;846744
500410;Argentina;Smart TV 50 Pulgadas 4K;televisores;856681
500411;Argentina;Album de Fotos Familiar 200 Fotos;albumes;892439
500412;Argentina;Mochila Notebook 15 Pulgadas;mochilas;848852
500413;Argentina;Libro Novela Policial Best Seller;libros;825300
500414;Argentina;Zapatillas Running Hombre Talle L;calzado;896641
500415;Argentina;Mochila Notebook 15 Pulgadas;mochilas;882793
500416;Argentina;Botella Deportiva 750ml;botellas;881973
500417;Argentina;Botella Deportiva 750ml;botellas;849226
500418;Argentina;Camiseta Deportiva Lisa Talle XL;camisetas;808202
500419;Argentina;Camiseta Deportiva Lisa Talle L;camisetas;825551
500420;Argentina;Album de Fotos Familiar 200 Fotos;albumes;844442
500421;Brasil;Zapatillas Running Hombre Talle L;calzado;843905
500422;Brasil;Smart TV 65 Pulgadas QLED;televisores;834363
500423;Brasil;Zapatillas Running Hombre Talle L;calzado;838981
500424;Brasil;Camiseta Deportiva Lisa Talle 42;camisetas;899044
500425;Brasil;Smart TV 65 Pulgadas QLED;televisores;883097
500426;Brasil;Album de Fotos Familiar 200 Fotos;albumes;830653
500427;Brasil;Album de Fotos Familiar 200 Fotos;albumes;893791
500428;Brasil;Mochila Notebook 15 Pulgadas;mochilas;850661
500429;Brasil;Smart TV 50 Pulgadas 4K;televisores;864680
500430;Brasil;Cartas Espanolas Naipes 50 Unidades;cartas;823978
500431;Brasil;Camiseta Deportiva Lisa Talle 44;camisetas;896795
500432;Brasil;Smart TV 50 Pulgadas 4K;televisores;890716
500433;Brasil;Cartas Espanolas Naipes 50 Unidades;cartas;830951
500434;Brasil;Zapatillas Running Hombre Talle 44;calzado;841883
500435;Brasil;Mochila Notebook 15 Pulgadas;mochilas;878081
500436;Brasil;Album de Fotos Familiar 200 Fotos;albumes;825862
500437;Brasil;Botella Deportiva 750ml;botellas;820963
500438;Brasil;Libro de Cocina Recetas Faciles;libros;808484
500439;Brasil;Camiseta Deportiva Lisa Talle XL;camisetas;872429
500440;Brasil;Libro Novela Policial Best Seller;libros;821062
500441;Brasil;Botella Deportiva 750ml;botellas;809458
500442;Brasil;Smart TV 50 Pulgadas 4K;televisores;811020
500443;Brasil;Libro de Cocina Recetas Faciles;libros;855189
500444;Brasil;Mochila Notebook 15 Pulgadas;mochilas;858584
500445;Brasil;Cartas Espanolas Naipes 50 Unidades;cartas;817423
500446;Brasil;Botella Deportiva 750ml;botellas;881304
500447;Brasil;Libro de Cocina Recetas Faciles;libros;870590
500448;Brasil;Album de Fotos Familiar 200 Fotos;albumes;838525
500449;Brasil;Smart TV 50 Pulgadas 4K;televisores;874302
500450;Brasil;Smart TV 50 Pulgadas 4K;televisores;833299
500451;Brasil;Smart TV 50 Pulgadas 4K;televisores;857592
500452;Brasil;Libro de Cocina Recetas Faciles;libros;832157
500453;Brasil;Libro de Cocina Recetas Faciles;libros;836877
500454;Brasil;Smart TV 65 Pulgadas QLED;televisores;842773
500455;Brasil;Album de Fotos Familiar 200 Fotos;albumes;832984
500456;Brasil;Libro de Cocina Recetas Faciles;libros;868984
500457;Brasil;Libro de Cocina Recetas Faciles;libros;813178
500458;Brasil;Mochila Notebook 15 Pulgadas;mochilas;813412
500459;Brasil;Camiseta Deportiva Lisa Talle XL;camisetas;830292
500460;Brasil;Mochila Notebook 15 Pulgadas;mochilas;805290
500461;Brasil;Smart TV 50 Pulgadas 4K;televisores;815625
500462;Brasil;Camiseta Deportiva Lisa Talle M;camisetas;878707
500463;Brasil;Smart TV 65 Pulgadas QLED;televisores;809845
500464;Brasil;Zapatillas Running Hombre Talle 40;calzado;823299
500465;Brasil;Mochila Notebook 15 Pulgadas;mochilas;834071
500466;Brasil;Camiseta Deportiva Lisa Talle S;camisetas;883552
500467;Brasil;Smart TV 65 Pulgadas QLED;televisores;881257
500468;Brasil;Zapatillas Running Hombre Talle M;calzado;804909
500469;Brasil;Zapatillas Running Hombre Talle L;calzado;818529
500470;Brasil;Camiseta Deportiva Lisa Talle M;camisetas;833412
500471;Brasil;Camiseta Deportiva Lisa Talle 40;camisetas;895974
500472;Brasil;Libro de Cocina Recetas Faciles;libros;801491
500473;Brasil;Zapatillas Running Hombre Talle XL;calzado;888908
500474;Brasil;Zapatillas Running Hombre Talle M;calzado;881397
500475;Brasil;Smart TV 50 Pulgadas 4K;televisores;826661
500476;Brasil;Camiseta Deportiva Lisa Talle 44;camisetas;864962
500477;Brasil;Libro Novela Policial Best Seller;libros;808293
500478;Brasil;Botella Deportiva 750ml;botellas;851812
500479;Brasil;Libro Novela Policial Best Seller;libros;883778
500480;Brasil;Libro Novela Policial Best Seller;libros;885597
500481;Brasil;Cartas Espanolas Naipes 50 Unidades;cartas;891148
500482;Brasil;Smart TV 50 Pulgadas 4K;televisores;837132
500483;Brasil;Smart TV 50 Pulgadas 4K;televisores;806731
500484;Brasil;Smart TV 50 Pulgadas 4K;televisores;874254
500485;Brasil;Zapatillas Running Hombre Talle XL;calzado;854584
500486;Brasil;Camiseta Deportiva Lisa Talle 44;camisetas;847681
500487;Brasil;Libro de Cocina Recetas Faciles;libros;895424
500488;Brasil;Botella Deportiva 750ml;botellas;800770
500489;Brasil;Botella Deportiva 750ml;botellas;855542
500490;Brasil;Album de Fotos Familiar 200 Fotos;albumes;811860
500491;Mexico;Botella Deportiva 750ml;botellas;847805
500492;Mexico;Mochila Notebook 15 Pulgadas;mochilas;821305
500493;Mexico;Cartas Espanolas Naipes 50 Unidades;cartas;806775
500494;Mexico;Libro Novela Policial Best Seller;libros;883973
500495;Mexico;Botella Deportiva 750ml;botellas;875086
500496;Mexico;Smart TV 65 Pulgadas QLED;televisores;896632
500497;Mexico;Libro Novela Policial Best Seller;libros;819121
500498;Mexico;Zapatillas Running Hombre Talle L;calzado;821209
500499;Mexico;Libro Novela Policial Best Seller;libros;808794
500500;Mexico;Album de Fotos Familiar 200 Fotos;albumes;864292
500501;Mexico;Libro de Cocina Recetas Faciles;libros;816600
500502;Mexico;Camiseta Deportiva Lisa Talle XL;camisetas;841225
500503;Mexico;Camiseta Deportiva Lisa Talle 40;camisetas;883409
500504;Mexico;Botella Deportiva 750ml;botellas;893363
500505;Mexico;Smart TV 65 Pulgadas QLED;televisores;821007
500506;Mexico;Libro de Cocina Recetas Faciles;libros;853016
500507;Mexico;Smart TV 65 Pulgadas QLED;televisores;825704
500508;Mexico;Mochila Notebook 15 Pulgadas;mochilas;874111
500509;Mexico;Libro de Cocina Recetas Faciles;libros;852395
500510;Mexico;Libro Novela Policial Best Seller;libros;850276
500511;Mexico;Zapatillas Running Hombre Talle S;calzado;819590
500512;Mexico;Libro de Cocina Recetas Faciles;libros;825243
500513;Mexico;Camiseta Deportiva Lisa Talle 40;camisetas;899281
500514;Mexico;Camiseta Deportiva Lisa Talle 42;camisetas;842493
500515;Mexico;Album de Fotos Familiar 200 Fotos;albumes;878580
500516;Mexico;Mochila Notebook 15 Pulgadas;mochilas;882187
500517;Mexico;Smart TV 50 Pulgadas 4K;televisores;855059
500518;Mexico;Smart TV 50 Pulgadas 4K;televisores;832670
500519;Mexico;Botella Deportiva 750ml;botellas;886355
500520;Mexico;Zapatillas Running Hombre Talle XL;calzado;866005
500521;Mexico;Mochila Notebook 15 Pulgadas;mochilas;803063
500522;Mexico;Camiseta Deportiva Lisa Talle 40;camisetas;864159
500523;Mexico;Mochila Notebook 15 Pulgadas;mochilas;858565
500524;Mexico;Smart TV 65 Pulgadas QLED;televisores;860068
500525;Mexico;Cartas Espanolas Naipes 50 Unidades;cartas;862025
500526;Mexico;Botella Deportiva 750ml;botellas;808797
500527;Mexico;Cartas Espanolas Naipes 50 Unidades;cartas;856439
500528;Mexico;Zapatillas Running Hombre Talle S;calzado;857929
500529;Mexico;Libro Novela Policial Best Seller;libros;886126
500530;Mexico;Camiseta Deportiva Lisa Talle S;camisetas;883419
500531;Mexico;Cartas Espanolas Naipes 50 Unidades;cartas;896138
500532;Mexico;Zapatillas Running Hombre Talle 44;calzado;894423
500533;Mexico;Libro Novela Policial Best Seller;libros;807112
500534;Mexico;Libro Novela Policial Best Seller;libros;885556
500535;Mexico;Cartas Espanolas Naipes 50 Unidades;cartas;808700
500536;Mexico;Smart TV 65 Pulgadas QLED;televisores;890773
500537;Mexico;Album de Fotos Familiar 200 Fotos;albumes;817251
500538;Mexico;Mochila Notebook 15 Pulgadas;mochilas;821641
500539;Mexico;Libro de Cocina Recetas Faciles;libros;845992
500540;Mexico;Smart TV 65 Pulgadas QLED;televisores;833059
500541;Mexico;Cartas Espanolas Naipes 50 Unidades;cartas;880416
500542;Mexico;Smart TV 50 Pulgadas 4K;televisores;859821
500543;Mexico;Cartas Espanolas Naipes 50 Unidades;cartas;865826
500544;Mexico;Mochila Notebook 15 Pulgadas;mochilas;877579
500545;Mexico;Smart TV 50 Pulgadas 4K;televisores;866323
500546;Mexico;Libro de Cocina Recetas Faciles;libros;848793
500547;Mexico;Camiseta Deportiva Lisa Talle M;camisetas;823867
500548;Mexico;Botella Deportiva 750ml;botellas;883436
500549;Mexico;Smart TV 50 Pulgadas 4K;televisores;842968
500550;Mexico;Botella Deportiva 750ml;botellas;834647
500551;Mexico;Album de Fotos Familiar 200 Fotos;albumes;869562
500552;Mexico;Camiseta Deportiva Lisa Talle 42;camisetas;847156
500553;Mexico;Mochila Notebook 15 Pulgadas;mochilas;868347
500554;Mexico;Smart TV 65 Pulgadas QLED;televisores;813711
500555;Mexico;Smart TV 50 Pulgadas 4K;televisores;882546
500556;Mexico;Botella Deportiva 750ml;botellas;848688
500557;Mexico;Smart TV 50 Pulgadas 4K;televisores;848358
500558;Mexico;Smart TV 65 Pulgadas QLED;televisores;847218
500559;Mexico;Zapatillas Running Hombre Talle 44;calzado;810667
500560;Mexico;Mochila Notebook 15 Pulgadas;mochilas;823167
500561;Chile;Smart TV 65 Pulgadas QLED;televisores;806329
500562;Chile;Smart TV 50 Pulgadas 4K;televisores;867647
500563;Chile;Smart TV 50 Pulgadas 4K;televisores;883786
500564;Chile;Smart TV 65 Pulgadas QLED;televisores;840979
500565;Chile;Camiseta Deportiva Lisa Talle 42;camisetas;804429
500566;Chile;Libro de Cocina Recetas Faciles;libros;838138
500567;Chile;Smart TV 65 Pulgadas QLED;televisores;856653
500568;Chile;Botella Deportiva 750ml;botellas;847723
500569;Chile;Camiseta Deportiva Lisa Talle M;camisetas;864014
500570;Chile;Libro de Cocina Recetas Faciles;libros;885604
500571;Chile;Camiseta Deportiva Lisa Talle S;camisetas;807129
500572;Chile;Camiseta Deportiva Lisa Talle 40;camisetas;846525
500573;Chile;Smart TV 50 Pulgadas 4K;televisores;868562
500574;Chile;Zapatillas Running Hombre Talle 40;calzado;829394
500575;Chile;Botella Deportiva 750ml;botellas;839472
500576;Chile;Smart TV 65 Pulgadas QLED;televisores;826762
500577;Chile;Zapatillas Running Hombre Talle 40;calzado;862246
500578;Chile;Cartas Espanolas Naipes 50 Unidades;cartas;801849
500579;Chile;Libro de Cocina Recetas Faciles;libros;819570
500580;Chile;Mochila Notebook 15 Pulgadas;mochilas;808345
500581;Chile;Cartas Espanolas Naipes 50 Unidades;cartas;887224
500582;Chile;Smart TV 50 Pulgadas 4K;televisores;834634
500583;Chile;Camiseta Deportiva Lisa Talle S;camisetas;884534
500584;Chile;Libro Novela Policial Best Seller;libros;877951
500585;Chile;Smart TV 65 Pulgadas QLED;televisores;878889
500586;Chile;Libro Novela Policial Best Seller;libros;864599
500587;Chile;Libro de Cocina Recetas Faciles;libros;800052
500588;Chile;Camiseta Deportiva Lisa Talle S;camisetas;869668
500589;Chile;Camiseta Deportiva Lisa Talle XL;camisetas;824334
500590;Chile;Libro de Cocina Recetas Faciles;libros;807651
500591;Chile;Album de Fotos Familiar 200 Fotos;albumes;880299
500592;Chile;Libro Novela Policial Best Seller;libros;825855
500593;Chile;Cartas Espanolas Naipes 50 Unidades;cartas;826151
500594;Chile;Libro Novela Policial Best Seller;libros;884239
500595;Chile;Libro Novela Policial Best Seller;libros;884091
500596;Chile;Botella Deportiva 750ml;botellas;880371
500597;Chile;Cartas Espanolas Naipes 50 Unidades;cartas;840551
500598;Chile;Album de Fotos Familiar 200 Fotos;albumes;882046
500599;Chile;Camiseta Deportiva Lisa Talle 42;camisetas;862642
500600;Chile;Libro Novela Policial Best Seller;libros;849172
500601;Chile;Botella Deportiva 750ml;botellas;860983
500602;Chile;Album de Fotos Familiar 200 Fotos;albumes;885921
500603;Chile;Mochila Notebook 15 Pulgadas;mochilas;829615
500604;Chile;Album de Fotos Familiar 200 Fotos;albumes;830447
500605;Chile;Camiseta Deportiva Lisa Talle S;camisetas;843976
500606;Chile;Smart TV 50 Pulgadas 4K;televisores;806885
500607;Chile;Smart TV 50 Pulgadas 4K;televisores;872586
500608;Chile;Botella Deportiva 750ml;botellas;868582
500609;Chile;Smart TV 50 Pulgadas 4K;televisores;884148
500610;Chile;Libro de Cocina Recetas Faciles;libros;866509
500611;Chile;Camiseta Deportiva Lisa Talle M;camisetas;834127
500612;Chile;Libro de Cocina Recetas Faciles;libros;897501
500613;Chile;Libro de Cocina Recetas Faciles;libros;897799
500614;Chile;Zapatillas Running Hombre Talle M;calzado;850948
500615;Chile;Zapatillas Running Hombre Talle 40;calzado;831348
500616;Chile;Botella Deportiva 750ml;botellas;882666
500617;Chile;Libro Novela Policial Best Seller;libros;861884
500618;Chile;Libro Novela Policial Best Seller;libros;800836
500619;Chile;Camiseta Deportiva Lisa Talle XL;camisetas;894977
500620;Chile;Libro de Cocina Recetas Faciles;libros;840337
500621;Chile;Libro de Cocina Recetas Faciles;libros;881608
500622;Chile;Smart TV 65 Pulgadas QLED;televisores;874082
500623;Chile;Cartas Espanolas Naipes 50 Unidades;cartas;804314
500624;Chile;Camiseta Deportiva Lisa Talle S;camisetas;813982
500625;Chile;Smart TV 65 Pulgadas QLED;televisores;845201
500626;Chile;Cartas Espanolas Naipes 50 Unidades;cartas;803766
500627;Chile;Camiseta Deportiva Lisa Talle S;camisetas;818140
500628;Chile;Camiseta Deportiva Lisa Talle 42;camisetas;808890
500629;Chile;Camiseta Deportiva Lisa Talle S;camisetas;877394
500630;Chile;Zapatillas Running Hombre Talle M;calzado;869978
500631;Colombia;Album de Fotos Familiar 200 Fotos;albumes;899060
500632;Colombia;Botella Deportiva 750ml;botellas;832319
500633;Colombia;Libro de Cocina Recetas Faciles;libros;814676
500634;Colombia;Camiseta Deportiva Lisa Talle S;camisetas;898796
500635;Colombia;Album de Fotos Familiar 200 Fotos;albumes;898490
500636;Colombia;Smart TV 50 Pulgadas 4K;televisores;813091
500637;Colombia;Cartas Espanolas Naipes 50 Unidades;cartas;899269
500638;Colombia;Libro de Cocina Recetas Faciles;libros;841830
500639;Colombia;Zapatillas Running Hombre Talle XL;calzado;834230
500640;Colombia;Camiseta Deportiva Lisa Talle L;camisetas;833646
500641;Colombia;Smart TV 50 Pulgadas 4K;televisores;893816
500642;Colombia;Zapatillas Running Hombre Talle L;calzado;878906
500643;Colombia;Libro Novela Policial Best Seller;libros;837702
500644;Colombia;Smart TV 65 Pulgadas QLED;televisores;804060
500645;Colombia;Botella Deportiva 750ml;botellas;857206
500646;Colombia;Libro Novela Policial Best Seller;libros;812884
500647;Colombia;Zapatillas Running Hombre Talle XL;calzado;892361
500648;Colombia;Camiseta Deportiva Lisa Talle 40;camisetas;874199
500649;Colombia;Libro de Cocina Recetas Faciles;libros;811913
500650;Colombia;Smart TV 65 Pulgadas QLED;televisores;837632
500651;Colombia;Cartas Espanolas Naipes 50 Unidades;cartas;800170
500652;Colombia;Libro Novela Policial Best Seller;libros;837792
500653;Colombia;Camiseta Deportiva Lisa Talle S;camisetas;845587
500654;Colombia;Mochila Notebook 15 Pulgadas;mochilas;864419
500655;Colombia;Cartas Espanolas Naipes 50 Unidades;cartas;877667
500656;Colombia;Zapatillas Running Hombre Talle 44;calzado;867520
500657;Colombia;Smart TV 50 Pulgadas 4K;televisores;820826
500658;Colombia;Smart TV 50 Pulgadas 4K;televisores;828143
500659;Colombia;Libro de Cocina Recetas Faciles;libros;821730
500660;Colombia;Album de Fotos Familiar 200 Fotos;albumes;810601
500661;Colombia;Mochila Notebook 15 Pulgadas;mochilas;891377
500662;Colombia;Libro Novela Policial Best Seller;libros;813704
500663;Colombia;Zapatillas Running Hombre Talle L;calzado;812471
500664;Colombia;Botella Deportiva 750ml;botellas;897677
500665;Colombia;Album de Fotos Familiar 200 Fotos;albumes;884654
500666;Colombia;Camiseta Deportiva Lisa Talle L;camisetas;827016
500667;Colombia;Smart TV 50 Pulgadas 4K;televisores;856106
500668;Colombia;Libro Novela Policial Best Seller;libros;822427
500669;Colombia;Botella Deportiva 750ml;botellas;830615
500670;Colombia;Mochila Notebook 15 Pulgadas;mochilas;869670
500671;Colombia;Smart TV 65 Pulgadas QLED;televisores;890339
500672;Colombia;Smart TV 65 Pulgadas QLED;televisores;804441
500673;Colombia;Zapatillas Running Hombre Talle 40;calzado;842816
500674;Colombia;Libro Novela Policial Best Seller;libros;859022
500675;Colombia;Libro Novela Policial Best Seller;libros;842380
500676;Colombia;Cartas Espanolas Naipes 50 Unidades;cartas;857514
500677;Colombia;Smart TV 50 Pulgadas 4K;televisores;830280
500678;Colombia;Cartas Espanolas Naipes 50 Unidades;cartas;860557
500679;Colombia;Libro de Cocina Recetas Faciles;libros;825109
500680;Colombia;Smart TV 50 Pulgadas 4K;televisores;898924
500681;Colombia;Smart TV 65 Pulgadas QLED;televisores;894809
500682;Colombia;Cartas Espanolas Naipes 50 Unidades;cartas;894786
500683;Colombia;Zapatillas Running Hombre Talle 40;calzado;868443
500684;Colombia;Zapatillas Running Hombre Talle M;calzado;830960
500685;Colombia;Zapatillas Running Hombre Talle M;calzado;833906
500686;Colombia;Album de Fotos Familiar 200 Fotos;albumes;886232
500687;Colombia;Album de Fotos Familiar 200 Fotos;albumes;850362
500688;Colombia;Cartas Espanolas Naipes 50 Unidades;cartas;839597
500689;Colombia;Smart TV 50 Pulgadas 4K;televisores;835890
500690;Colombia;Libro de Cocina Recetas Faciles;libros;883621
500691;Colombia;Album de Fotos Familiar 200 Fotos;albumes;827059
500692;Colombia;Botella Deportiva 750ml;botellas;804447
500693;Colombia;Camiseta Deportiva Lisa Talle XL;camisetas;857216
500694;Colombia;Libro de Cocina Recetas Faciles;libros;882887
500695;Colombia;Smart TV 50 Pulgadas 4K;televisores;802898
500696;Colombia;Cartas Espanolas Naipes 50 Unidades;cartas;879129
500697;Colombia;Botella Deportiva 750ml;botellas;897117
500698;Colombia;Libro de Cocina Recetas Faciles;libros;856364
500699;Colombia;Smart TV 65 Pulgadas QLED;televisores;898186
500700;Colombia;Botella Deportiva 750ml;botellas;829958
